,"Gross Domestic Product by Kind of Activity and Price Deflator-Annual",
,,""
"Period","Kind of Activity","Gross Domestic Product_Current Price(Million N.T.$)"
"1981","A. Agriculture, Forestry, Fishing and Animal Husbandry",132689
"1981","B. Mining and Quarrying",13798
"1981","C. Manufacturing",589458
"1981","D. Electricity and Gas Supply",75608
"1981","E. Water Supply and Remediation Activities",13374
"1981","F. Construction",98290
"1981","G. Wholesale and Retail Trade",226271
"1981","H. Transportation and Storage",77232
"1981","I. Accommodation and Food Service Activities",15550
"1981","J. Information and Communication",34338
"1981","K. Financial and Insurance Activities",68981
"1981","L. Real Estate Activities and Ownership of Dwellings",87456
"1981","M. Professional, Scientific and Technical Activities",19720
"1981","N. Support Service Activities",11216
"1981","O. Public Administration and Defence; Compulsory Social Security",156645
"1981","P. Education",48211
"1981","Q. Human Health and Social Work Activities",13197
"1981","R. Arts, Entertainment and Recreation",9030
"1981","S. Other Service Activities",37117
"1981","Subtotal",1728181
"1981","Import Duties",76250
"1981","Value-Added Tax",-
"1981","Total ( by production approach )",1804431
"1981","GDP",1804431
"1982","A. Agriculture, Forestry, Fishing and Animal Husbandry",149635
"1982","B. Mining and Quarrying",13307
"1982","C. Manufacturing",635905
"1982","D. Electricity and Gas Supply",79186
"1982","E. Water Supply and Remediation Activities",15274
"1982","F. Construction",93425
"1982","G. Wholesale and Retail Trade",244571
"1982","H. Transportation and Storage",82036
"1982","I. Accommodation and Food Service Activities",18588
"1982","J. Information and Communication",39337
"1982","K. Financial and Insurance Activities",67330
"1982","L. Real Estate Activities and Ownership of Dwellings",98328
"1982","M. Professional, Scientific and Technical Activities",22648
"1982","N. Support Service Activities",11725
"1982","O. Public Administration and Defence; Compulsory Social Security",176851
"1982","P. Education",53964
"1982","Q. Human Health and Social Work Activities",17137
"1982","R. Arts, Entertainment and Recreation",10170
"1982","S. Other Service Activities",43566
"1982","Subtotal",1872983
"1982","Import Duties",72368
"1982","Value-Added Tax",-
"1982","Total ( by production approach )",1945351
"1982","GDP",1938023
"1983","A. Agriculture, Forestry, Fishing and Animal Husbandry",156832
"1983","B. Mining and Quarrying",13213
"1983","C. Manufacturing",733341
"1983","D. Electricity and Gas Supply",93534
"1983","E. Water Supply and Remediation Activities",16682
"1983","F. Construction",95923
"1983","G. Wholesale and Retail Trade",264095
"1983","H. Transportation and Storage",91527
"1983","I. Accommodation and Food Service Activities",23086
"1983","J. Information and Communication",44480
"1983","K. Financial and Insurance Activities",66703
"1983","L. Real Estate Activities and Ownership of Dwellings",114082
"1983","M. Professional, Scientific and Technical Activities",25944
"1983","N. Support Service Activities",12425
"1983","O. Public Administration and Defence; Compulsory Social Security",188148
"1983","P. Education",59024
"1983","Q. Human Health and Social Work Activities",19993
"1983","R. Arts, Entertainment and Recreation",11164
"1983","S. Other Service Activities",48442
"1983","Subtotal",2078638
"1983","Import Duties",83648
"1983","Value-Added Tax",-
"1983","Total ( by production approach )",2162286
"1983","GDP",2169446
"1984","A. Agriculture, Forestry, Fishing and Animal Husbandry",150823
"1984","B. Mining and Quarrying",12877
"1984","C. Manufacturing",857344
"1984","D. Electricity and Gas Supply",103263
"1984","E. Water Supply and Remediation Activities",17874
"1984","F. Construction",98139
"1984","G. Wholesale and Retail Trade",294418
"1984","H. Transportation and Storage",107975
"1984","I. Accommodation and Food Service Activities",28283
"1984","J. Information and Communication",49786
"1984","K. Financial and Insurance Activities",77436
"1984","L. Real Estate Activities and Ownership of Dwellings",121677
"1984","M. Professional, Scientific and Technical Activities",28804
"1984","N. Support Service Activities",13723
"1984","O. Public Administration and Defence; Compulsory Social Security",204556
"1984","P. Education",64733
"1984","Q. Human Health and Social Work Activities",23088
"1984","R. Arts, Entertainment and Recreation",12335
"1984","S. Other Service Activities",52563
"1984","Subtotal",2319697
"1984","Import Duties",91685
"1984","Value-Added Tax",-
"1984","Total ( by production approach )",2411382
"1984","GDP",2418240
"1985","A. Agriculture, Forestry, Fishing and Animal Husbandry",144601
"1985","B. Mining and Quarrying",12586
"1985","C. Manufacturing",889155
"1985","D. Electricity and Gas Supply",113722
"1985","E. Water Supply and Remediation Activities",18550
"1985","F. Construction",98911
"1985","G. Wholesale and Retail Trade",308546
"1985","H. Transportation and Storage",117448
"1985","I. Accommodation and Food Service Activities",34544
"1985","J. Information and Communication",53354
"1985","K. Financial and Insurance Activities",95964
"1985","L. Real Estate Activities and Ownership of Dwellings",132610
"1985","M. Professional, Scientific and Technical Activities",31292
"1985","N. Support Service Activities",14416
"1985","O. Public Administration and Defence; Compulsory Social Security",218299
"1985","P. Education",69705
"1985","Q. Human Health and Social Work Activities",26255
"1985","R. Arts, Entertainment and Recreation",13312
"1985","S. Other Service Activities",57534
"1985","Subtotal",2450804
"1985","Import Duties",81783
"1985","Value-Added Tax",-
"1985","Total ( by production approach )",2532587
"1985","GDP",2535056
"1986","A. Agriculture, Forestry, Fishing and Animal Husbandry",159753
"1986","B. Mining and Quarrying",12525
"1986","C. Manufacturing",1118977
"1986","D. Electricity and Gas Supply",109865
"1986","E. Water Supply and Remediation Activities",19516
"1986","F. Construction",104257
"1986","G. Wholesale and Retail Trade",351868
"1986","H. Transportation and Storage",130753
"1986","I. Accommodation and Food Service Activities",40215
"1986","J. Information and Communication",60554
"1986","K. Financial and Insurance Activities",111874
"1986","L. Real Estate Activities and Ownership of Dwellings",151181
"1986","M. Professional, Scientific and Technical Activities",34165
"1986","N. Support Service Activities",14806
"1986","O. Public Administration and Defence; Compulsory Social Security",229950
"1986","P. Education",76179
"1986","Q. Human Health and Social Work Activities",30714
"1986","R. Arts, Entertainment and Recreation",14612
"1986","S. Other Service Activities",65555
"1986","Subtotal",2837319
"1986","Import Duties",92387
"1986","Value-Added Tax",35742
"1986","Total ( by production approach )",2965448
"1986","GDP",2965448
"1987","A. Agriculture, Forestry, Fishing and Animal Husbandry",173493
"1987","B. Mining and Quarrying",13331
"1987","C. Manufacturing",1225526
"1987","D. Electricity and Gas Supply",122788
"1987","E. Water Supply and Remediation Activities",22226
"1987","F. Construction",122160
"1987","G. Wholesale and Retail Trade",390149
"1987","H. Transportation and Storage",146702
"1987","I. Accommodation and Food Service Activities",46869
"1987","J. Information and Communication",69478
"1987","K. Financial and Insurance Activities",147678
"1987","L. Real Estate Activities and Ownership of Dwellings",178457
"1987","M. Professional, Scientific and Technical Activities",36482
"1987","N. Support Service Activities",15768
"1987","O. Public Administration and Defence; Compulsory Social Security",245632
"1987","P. Education",86101
"1987","Q. Human Health and Social Work Activities",39820
"1987","R. Arts, Entertainment and Recreation",17518
"1987","S. Other Service Activities",71306
"1987","Subtotal",3171484
"1987","Import Duties",101903
"1987","Value-Added Tax",51824
"1987","Total ( by production approach )",3325211
"1987","GDP",3344935
"1988","A. Agriculture, Forestry, Fishing and Animal Husbandry",178854
"1988","B. Mining and Quarrying",13748
"1988","C. Manufacturing",1258863
"1988","D. Electricity and Gas Supply",117477
"1988","E. Water Supply and Remediation Activities",25496
"1988","F. Construction",143050
"1988","G. Wholesale and Retail Trade",434720
"1988","H. Transportation and Storage",165740
"1988","I. Accommodation and Food Service Activities",50638
"1988","J. Information and Communication",74705
"1988","K. Financial and Insurance Activities",187802
"1988","L. Real Estate Activities and Ownership of Dwellings",207426
"1988","M. Professional, Scientific and Technical Activities",39531
"1988","N. Support Service Activities",16394
"1988","O. Public Administration and Defence; Compulsory Social Security",284643
"1988","P. Education",97705
"1988","Q. Human Health and Social Work Activities",46434
"1988","R. Arts, Entertainment and Recreation",21372
"1988","S. Other Service Activities",78214
"1988","Subtotal",3442812
"1988","Import Duties",109711
"1988","Value-Added Tax",58718
"1988","Total ( by production approach )",3611241
"1988","GDP",3615662
"1989","A. Agriculture, Forestry, Fishing and Animal Husbandry",193421
"1989","B. Mining and Quarrying",13854
"1989","C. Manufacturing",1314646
"1989","D. Electricity and Gas Supply",122243
"1989","E. Water Supply and Remediation Activities",27402
"1989","F. Construction",170809
"1989","G. Wholesale and Retail Trade",488476
"1989","H. Transportation and Storage",182882
"1989","I. Accommodation and Food Service Activities",61402
"1989","J. Information and Communication",87990
"1989","K. Financial and Insurance Activities",285170
"1989","L. Real Estate Activities and Ownership of Dwellings",235181
"1989","M. Professional, Scientific and Technical Activities",50149
"1989","N. Support Service Activities",19233
"1989","O. Public Administration and Defence; Compulsory Social Security",330942
"1989","P. Education",111367
"1989","Q. Human Health and Social Work Activities",57073
"1989","R. Arts, Entertainment and Recreation",25003
"1989","S. Other Service Activities",90426
"1989","Subtotal",3867669
"1989","Import Duties",121688
"1989","Value-Added Tax",71056
"1989","Total ( by production approach )",4060413
"1989","GDP",4032464
"1990","A. Agriculture, Forestry, Fishing and Animal Husbandry",179510
"1990","B. Mining and Quarrying",13431
"1990","C. Manufacturing",1394104
"1990","D. Electricity and Gas Supply",125826
"1990","E. Water Supply and Remediation Activities",29339
"1990","F. Construction",195476
"1990","G. Wholesale and Retail Trade",569932
"1990","H. Transportation and Storage",196047
"1990","I. Accommodation and Food Service Activities",71083
"1990","J. Information and Communication",100136
"1990","K. Financial and Insurance Activities",330625
"1990","L. Real Estate Activities and Ownership of Dwellings",270368
"1990","M. Professional, Scientific and Technical Activities",60734
"1990","N. Support Service Activities",22470
"1990","O. Public Administration and Defence; Compulsory Social Security",394880
"1990","P. Education",133199
"1990","Q. Human Health and Social Work Activities",69071
"1990","R. Arts, Entertainment and Recreation",29912
"1990","S. Other Service Activities",100912
"1990","Subtotal",4287055
"1990","Import Duties",114455
"1990","Value-Added Tax",81371
"1990","Total ( by production approach )",4482881
"1990","GDP",4474288
"1991","A. Agriculture, Forestry, Fishing and Animal Husbandry",182509
"1991","B. Mining and Quarrying",14228
"1991","C. Manufacturing",1544177
"1991","D. Electricity and Gas Supply",139193
"1991","E. Water Supply and Remediation Activities",33053
"1991","F. Construction",215177
"1991","G. Wholesale and Retail Trade",648901
"1991","H. Transportation and Storage",219360
"1991","I. Accommodation and Food Service Activities",80722
"1991","J. Information and Communication",115858
"1991","K. Financial and Insurance Activities",334020
"1991","L. Real Estate Activities and Ownership of Dwellings",329216
"1991","M. Professional, Scientific and Technical Activities",72523
"1991","N. Support Service Activities",26979
"1991","O. Public Administration and Defence; Compulsory Social Security",452463
"1991","P. Education",159788
"1991","Q. Human Health and Social Work Activities",89664
"1991","R. Arts, Entertainment and Recreation",33967
"1991","S. Other Service Activities",113468
"1991","Subtotal",4805266
"1991","Import Duties",116632
"1991","Value-Added Tax",96121
"1991","Total ( by production approach )",5018019
"1991","GDP",5018019
"1992","A. Agriculture, Forestry, Fishing and Animal Husbandry",192912
"1992","B. Mining and Quarrying",21668
"1992","C. Manufacturing",1626021
"1992","D. Electricity and Gas Supply",147353
"1992","E. Water Supply and Remediation Activities",35394
"1992","F. Construction",247050
"1992","G. Wholesale and Retail Trade",746981
"1992","H. Transportation and Storage",239834
"1992","I. Accommodation and Food Service Activities",90854
"1992","J. Information and Communication",136792
"1992","K. Financial and Insurance Activities",392039
"1992","L. Real Estate Activities and Ownership of Dwellings",389607
"1992","M. Professional, Scientific and Technical Activities",86148
"1992","N. Support Service Activities",31472
"1992","O. Public Administration and Defence; Compulsory Social Security",488856
"1992","P. Education",185715
"1992","Q. Human Health and Social Work Activities",103930
"1992","R. Arts, Entertainment and Recreation",40186
"1992","S. Other Service Activities",116984
"1992","Subtotal",5319796
"1992","Import Duties",138628
"1992","Value-Added Tax",116733
"1992","Total ( by production approach )",5575157
"1992","GDP",5609357
"1993","A. Agriculture, Forestry, Fishing and Animal Husbandry",216397
"1993","B. Mining and Quarrying",28250
"1993","C. Manufacturing",1730915
"1993","D. Electricity and Gas Supply",159721
"1993","E. Water Supply and Remediation Activities",37910
"1993","F. Construction",292723
"1993","G. Wholesale and Retail Trade",830159
"1993","H. Transportation and Storage",261243
"1993","I. Accommodation and Food Service Activities",99931
"1993","J. Information and Communication",157233
"1993","K. Financial and Insurance Activities",448447
"1993","L. Real Estate Activities and Ownership of Dwellings",477916
"1993","M. Professional, Scientific and Technical Activities",99052
"1993","N. Support Service Activities",36395
"1993","O. Public Administration and Defence; Compulsory Social Security",528890
"1993","P. Education",212646
"1993","Q. Human Health and Social Work Activities",116772
"1993","R. Arts, Entertainment and Recreation",45836
"1993","S. Other Service Activities",127592
"1993","Subtotal",5908028
"1993","Import Duties",152468
"1993","Value-Added Tax",136853
"1993","Total ( by production approach )",6197349
"1993","GDP",6200154
"1994","A. Agriculture, Forestry, Fishing and Animal Husbandry",227700
"1994","B. Mining and Quarrying",21830
"1994","C. Manufacturing",1799372
"1994","D. Electricity and Gas Supply",169534
"1994","E. Water Supply and Remediation Activities",39882
"1994","F. Construction",334226
"1994","G. Wholesale and Retail Trade",928377
"1994","H. Transportation and Storage",289305
"1994","I. Accommodation and Food Service Activities",111108
"1994","J. Information and Communication",175833
"1994","K. Financial and Insurance Activities",537267
"1994","L. Real Estate Activities and Ownership of Dwellings",558295
"1994","M. Professional, Scientific and Technical Activities",115422
"1994","N. Support Service Activities",43385
"1994","O. Public Administration and Defence; Compulsory Social Security",561737
"1994","P. Education",238448
"1994","Q. Human Health and Social Work Activities",130053
"1994","R. Arts, Entertainment and Recreation",50680
"1994","S. Other Service Activities",151926
"1994","Subtotal",6484380
"1994","Import Duties",160638
"1994","Value-Added Tax",150349
"1994","Total ( by production approach )",6795367
"1994","GDP",6779396
"1995","A. Agriculture, Forestry, Fishing and Animal Husbandry",245337
"1995","B. Mining and Quarrying",21781
"1995","C. Manufacturing",1889751
"1995","D. Electricity and Gas Supply",178674
"1995","E. Water Supply and Remediation Activities",42181
"1995","F. Construction",356063
"1995","G. Wholesale and Retail Trade",1061910
"1995","H. Transportation and Storage",315600
"1995","I. Accommodation and Food Service Activities",124066
"1995","J. Information and Communication",193096
"1995","K. Financial and Insurance Activities",548974
"1995","L. Real Estate Activities and Ownership of Dwellings",656445
"1995","M. Professional, Scientific and Technical Activities",131668
"1995","N. Support Service Activities",49555
"1995","O. Public Administration and Defence; Compulsory Social Security",618116
"1995","P. Education",270109
"1995","Q. Human Health and Social Work Activities",153867
"1995","R. Arts, Entertainment and Recreation",57490
"1995","S. Other Service Activities",161456
"1995","Subtotal",7076139
"1995","Import Duties",172007
"1995","Value-Added Tax",152802
"1995","Total ( by production approach )",7400948
"1995","GDP",7391062
"1996","A. Agriculture, Forestry, Fishing and Animal Husbandry",244000
"1996","B. Mining and Quarrying",20505
"1996","C. Manufacturing",2044751
"1996","D. Electricity and Gas Supply",185556
"1996","E. Water Supply and Remediation Activities",43671
"1996","F. Construction",355390
"1996","G. Wholesale and Retail Trade",1186852
"1996","H. Transportation and Storage",345452
"1996","I. Accommodation and Food Service Activities",141701
"1996","J. Information and Communication",213415
"1996","K. Financial and Insurance Activities",606834
"1996","L. Real Estate Activities and Ownership of Dwellings",726710
"1996","M. Professional, Scientific and Technical Activities",149274
"1996","N. Support Service Activities",55651
"1996","O. Public Administration and Defence; Compulsory Social Security",670367
"1996","P. Education",307624
"1996","Q. Human Health and Social Work Activities",174709
"1996","R. Arts, Entertainment and Recreation",63712
"1996","S. Other Service Activities",188992
"1996","Subtotal",7725166
"1996","Import Duties",150456
"1996","Value-Added Tax",155683
"1996","Total ( by production approach )",8031305
"1996","GDP",8031305
"1997","A. Agriculture, Forestry, Fishing and Animal Husbandry",212493
"1997","B. Mining and Quarrying",24365
"1997","C. Manufacturing",2213554
"1997","D. Electricity and Gas Supply",194987
"1997","E. Water Supply and Remediation Activities",45231
"1997","F. Construction",372339
"1997","G. Wholesale and Retail Trade",1314236
"1997","H. Transportation and Storage",373938
"1997","I. Accommodation and Food Service Activities",159539
"1997","J. Information and Communication",242107
"1997","K. Financial and Insurance Activities",749341
"1997","L. Real Estate Activities and Ownership of Dwellings",756930
"1997","M. Professional, Scientific and Technical Activities",164039
"1997","N. Support Service Activities",65394
"1997","O. Public Administration and Defence; Compulsory Social Security",705789
"1997","P. Education",342872
"1997","Q. Human Health and Social Work Activities",195784
"1997","R. Arts, Entertainment and Recreation",68886
"1997","S. Other Service Activities",200038
"1997","Subtotal",8401862
"1997","Import Duties",158030
"1997","Value-Added Tax",164897
"1997","Total ( by production approach )",8724789
"1997","GDP",8705149
"1998","A. Agriculture, Forestry, Fishing and Animal Husbandry",220945
"1998","B. Mining and Quarrying",27962
"1998","C. Manufacturing",2356552
"1998","D. Electricity and Gas Supply",208599
"1998","E. Water Supply and Remediation Activities",46624
"1998","F. Construction",367808
"1998","G. Wholesale and Retail Trade",1455479
"1998","H. Transportation and Storage",401937
"1998","I. Accommodation and Food Service Activities",175965
"1998","J. Information and Communication",294601
"1998","K. Financial and Insurance Activities",769152
"1998","L. Real Estate Activities and Ownership of Dwellings",806232
"1998","M. Professional, Scientific and Technical Activities",177837
"1998","N. Support Service Activities",73213
"1998","O. Public Administration and Defence; Compulsory Social Security",742463
"1998","P. Education",374029
"1998","Q. Human Health and Social Work Activities",222513
"1998","R. Arts, Entertainment and Recreation",76865
"1998","S. Other Service Activities",232472
"1998","Subtotal",9031248
"1998","Import Duties",153416
"1998","Value-Added Tax",170554
"1998","Total ( by production approach )",9355218
"1998","GDP",9366337
"1999","A. Agriculture, Forestry, Fishing and Animal Husbandry",238627
"1999","B. Mining and Quarrying",27086
"1999","C. Manufacturing",2417479
"1999","D. Electricity and Gas Supply",207671
"1999","E. Water Supply and Remediation Activities",47700
"1999","F. Construction",344981
"1999","G. Wholesale and Retail Trade",1587515
"1999","H. Transportation and Storage",425505
"1999","I. Accommodation and Food Service Activities",189127
"1999","J. Information and Communication",327839
"1999","K. Financial and Insurance Activities",828503
"1999","L. Real Estate Activities and Ownership of Dwellings",826517
"1999","M. Professional, Scientific and Technical Activities",189586
"1999","N. Support Service Activities",84200
"1999","O. Public Administration and Defence; Compulsory Social Security",779145
"1999","P. Education",403945
"1999","Q. Human Health and Social Work Activities",243792
"1999","R. Arts, Entertainment and Recreation",80536
"1999","S. Other Service Activities",236929
"1999","Subtotal",9486683
"1999","Import Duties",139348
"1999","Value-Added Tax",173642
"1999","Total ( by production approach )",9799673
"1999","GDP",9804503
"2000","A. Agriculture, Forestry, Fishing and Animal Husbandry",208394
"2000","B. Mining and Quarrying",23949
"2000","C. Manufacturing",2609701
"2000","D. Electricity and Gas Supply",197977
"2000","E. Water Supply and Remediation Activities",47671
"2000","F. Construction",318181
"2000","G. Wholesale and Retail Trade",1747711
"2000","H. Transportation and Storage",415004
"2000","I. Accommodation and Food Service Activities",206248
"2000","J. Information and Communication",382154
"2000","K. Financial and Insurance Activities",843787
"2000","L. Real Estate Activities and Ownership of Dwellings",868416
"2000","M. Professional, Scientific and Technical Activities",197792
"2000","N. Support Service Activities",92348
"2000","O. Public Administration and Defence; Compulsory Social Security",815355
"2000","P. Education",430003
"2000","Q. Human Health and Social Work Activities",263644
"2000","R. Arts, Entertainment and Recreation",84054
"2000","S. Other Service Activities",258064
"2000","Subtotal",10010453
"2000","Import Duties",146443
"2000","Value-Added Tax",178160
"2000","Total ( by production approach )",10335056
"2000","GDP",10328549
"2001","A. Agriculture, Forestry, Fishing and Animal Husbandry",192257
"2001","B. Mining and Quarrying",21892
"2001","C. Manufacturing",2387088
"2001","D. Electricity and Gas Supply",198166
"2001","E. Water Supply and Remediation Activities",48737
"2001","F. Construction",268023
"2001","G. Wholesale and Retail Trade",1701837
"2001","H. Transportation and Storage",414174
"2001","I. Accommodation and Food Service Activities",207253
"2001","J. Information and Communication",402525
"2001","K. Financial and Insurance Activities",826105
"2001","L. Real Estate Activities and Ownership of Dwellings",876878
"2001","M. Professional, Scientific and Technical Activities",201483
"2001","N. Support Service Activities",103708
"2001","O. Public Administration and Defence; Compulsory Social Security",840751
"2001","P. Education",493450
"2001","Q. Human Health and Social Work Activities",282396
"2001","R. Arts, Entertainment and Recreation",89499
"2001","S. Other Service Activities",276861
"2001","Subtotal",9833083
"2001","Import Duties",119099
"2001","Value-Added Tax",167247
"2001","Total ( by production approach )",10119429
"2001","GDP",10119429
"2002","A. Agriculture, Forestry, Fishing and Animal Husbandry",191579
"2002","B. Mining and Quarrying",22819
"2002","C. Manufacturing",2705103
"2002","D. Electricity and Gas Supply",206376
"2002","E. Water Supply and Remediation Activities",53502
"2002","F. Construction",261795
"2002","G. Wholesale and Retail Trade",1747049
"2002","H. Transportation and Storage",423802
"2002","I. Accommodation and Food Service Activities",208501
"2002","J. Information and Communication",402831
"2002","K. Financial and Insurance Activities",836876
"2002","L. Real Estate Activities and Ownership of Dwellings",850587
"2002","M. Professional, Scientific and Technical Activities",210120
"2002","N. Support Service Activities",112101
"2002","O. Public Administration and Defence; Compulsory Social Security",843141
"2002","P. Education",528710
"2002","Q. Human Health and Social Work Activities",299168
"2002","R. Arts, Entertainment and Recreation",92139
"2002","S. Other Service Activities",294051
"2002","Subtotal",10290250
"2002","Import Duties",126371
"2002","Value-Added Tax",182762
"2002","Total ( by production approach )",10599383
"2002","GDP",10630911
"2003","A. Agriculture, Forestry, Fishing and Animal Husbandry",186528
"2003","B. Mining and Quarrying",18906
"2003","C. Manufacturing",2934113
"2003","D. Electricity and Gas Supply",203727
"2003","E. Water Supply and Remediation Activities",59273
"2003","F. Construction",253930
"2003","G. Wholesale and Retail Trade",1789728
"2003","H. Transportation and Storage",411256
"2003","I. Accommodation and Food Service Activities",205777
"2003","J. Information and Communication",412955
"2003","K. Financial and Insurance Activities",813491
"2003","L. Real Estate Activities and Ownership of Dwellings",887168
"2003","M. Professional, Scientific and Technical Activities",222732
"2003","N. Support Service Activities",115696
"2003","O. Public Administration and Defence; Compulsory Social Security",883870
"2003","P. Education",570912
"2003","Q. Human Health and Social Work Activities",305222
"2003","R. Arts, Entertainment and Recreation",94588
"2003","S. Other Service Activities",296896
"2003","Subtotal",10666768
"2003","Import Duties",128712
"2003","Value-Added Tax",188680
"2003","Total ( by production approach )",10984160
"2003","GDP",10924029
"2004","A. Agriculture, Forestry, Fishing and Animal Husbandry",193527
"2004","B. Mining and Quarrying",20620
"2004","C. Manufacturing",3203799
"2004","D. Electricity and Gas Supply",178745
"2004","E. Water Supply and Remediation Activities",64849
"2004","F. Construction",288654
"2004","G. Wholesale and Retail Trade",1947083
"2004","H. Transportation and Storage",430301
"2004","I. Accommodation and Food Service Activities",216642
"2004","J. Information and Communication",419061
"2004","K. Financial and Insurance Activities",865702
"2004","L. Real Estate Activities and Ownership of Dwellings",919903
"2004","M. Professional, Scientific and Technical Activities",234650
"2004","N. Support Service Activities",130224
"2004","O. Public Administration and Defence; Compulsory Social Security",904083
"2004","P. Education",574352
"2004","Q. Human Health and Social Work Activities",316966
"2004","R. Arts, Entertainment and Recreation",95669
"2004","S. Other Service Activities",308790
"2004","Subtotal",11313620
"2004","Import Duties",126147
"2004","Value-Added Tax",213086
"2004","Total ( by production approach )",11652853
"2004","GDP",11596241
"2005","A. Agriculture, Forestry, Fishing and Animal Husbandry",198375
"2005","B. Mining and Quarrying",18765
"2005","C. Manufacturing",3286616
"2005","D. Electricity and Gas Supply",172285
"2005","E. Water Supply and Remediation Activities",71364
"2005","F. Construction",285328
"2005","G. Wholesale and Retail Trade",2080053
"2005","H. Transportation and Storage",417916
"2005","I. Accommodation and Food Service Activities",230827
"2005","J. Information and Communication",421316
"2005","K. Financial and Insurance Activities",907438
"2005","L. Real Estate Activities and Ownership of Dwellings",954835
"2005","M. Professional, Scientific and Technical Activities",248709
"2005","N. Support Service Activities",145815
"2005","O. Public Administration and Defence; Compulsory Social Security",930752
"2005","P. Education",593998
"2005","Q. Human Health and Social Work Activities",332372
"2005","R. Arts, Entertainment and Recreation",97565
"2005","S. Other Service Activities",327351
"2005","Subtotal",11721680
"2005","Import Duties",135384
"2005","Value-Added Tax",215892
"2005","Total ( by production approach )",12072956
"2005","GDP",12036675
"2006","A. Agriculture, Forestry, Fishing and Animal Husbandry",199407
"2006","B. Mining and Quarrying",18926
"2006","C. Manufacturing",3413111
"2006","D. Electricity and Gas Supply",158275
"2006","E. Water Supply and Remediation Activities",78489
"2006","F. Construction",332954
"2006","G. Wholesale and Retail Trade",2196273
"2006","H. Transportation and Storage",399169
"2006","I. Accommodation and Food Service Activities",235472
"2006","J. Information and Communication",426637
"2006","K. Financial and Insurance Activities",900850
"2006","L. Real Estate Activities and Ownership of Dwellings",1038864
"2006","M. Professional, Scientific and Technical Activities",279038
"2006","N. Support Service Activities",168705
"2006","O. Public Administration and Defence; Compulsory Social Security",947644
"2006","P. Education",622527
"2006","Q. Human Health and Social Work Activities",355075
"2006","R. Arts, Entertainment and Recreation",103355
"2006","S. Other Service Activities",347162
"2006","Subtotal",12221933
"2006","Import Duties",135686
"2006","Value-Added Tax",214968
"2006","Total ( by production approach )",12572587
"2006","GDP",12572587
"2007","A. Agriculture, Forestry, Fishing and Animal Husbandry",193556
"2007","B. Mining and Quarrying",22912
"2007","C. Manufacturing",3692393
"2007","D. Electricity and Gas Supply",134848
"2007","E. Water Supply and Remediation Activities",86631
"2007","F. Construction",353506
"2007","G. Wholesale and Retail Trade",2311050
"2007","H. Transportation and Storage",413775
"2007","I. Accommodation and Food Service Activities",246179
"2007","J. Information and Communication",446733
"2007","K. Financial and Insurance Activities",942335
"2007","L. Real Estate Activities and Ownership of Dwellings",1093069
"2007","M. Professional, Scientific and Technical Activities",294234
"2007","N. Support Service Activities",182050
"2007","O. Public Administration and Defence; Compulsory Social Security",947350
"2007","P. Education",648434
"2007","Q. Human Health and Social Work Activities",363993
"2007","R. Arts, Entertainment and Recreation",108726
"2007","S. Other Service Activities",348305
"2007","Subtotal",12830079
"2007","Import Duties",138046
"2007","Value-Added Tax",222720
"2007","Total ( by production approach )",13190845
"2007","GDP",13363917
"2008","A. Agriculture, Forestry, Fishing and Animal Husbandry",203918
"2008","B. Mining and Quarrying",23578
"2008","C. Manufacturing",3494577
"2008","D. Electricity and Gas Supply",39863
"2008","E. Water Supply and Remediation Activities",87247
"2008","F. Construction",354544
"2008","G. Wholesale and Retail Trade",2320224
"2008","H. Transportation and Storage",390830
"2008","I. Accommodation and Food Service Activities",257216
"2008","J. Information and Communication",453969
"2008","K. Financial and Insurance Activities",910720
"2008","L. Real Estate Activities and Ownership of Dwellings",1111560
"2008","M. Professional, Scientific and Technical Activities",291566
"2008","N. Support Service Activities",192762
"2008","O. Public Administration and Defence; Compulsory Social Security",976333
"2008","P. Education",656771
"2008","Q. Human Health and Social Work Activities",371124
"2008","R. Arts, Entertainment and Recreation",111534
"2008","S. Other Service Activities",356208
"2008","Subtotal",12604544
"2008","Import Duties",132563
"2008","Value-Added Tax",221321
"2008","Total ( by production approach )",12958428
"2008","GDP",13115096
"2009","A. Agriculture, Forestry, Fishing and Animal Husbandry",216457
"2009","B. Mining and Quarrying",18039
"2009","C. Manufacturing",3353669
"2009","D. Electricity and Gas Supply",187838
"2009","E. Water Supply and Remediation Activities",86487
"2009","F. Construction",318379
"2009","G. Wholesale and Retail Trade",2224167
"2009","H. Transportation and Storage",367045
"2009","I. Accommodation and Food Service Activities",267651
"2009","J. Information and Communication",453127
"2009","K. Financial and Insurance Activities",795150
"2009","L. Real Estate Activities and Ownership of Dwellings",1152525
"2009","M. Professional, Scientific and Technical Activities",291777
"2009","N. Support Service Activities",185193
"2009","O. Public Administration and Defence; Compulsory Social Security",982941
"2009","P. Education",670737
"2009","Q. Human Health and Social Work Activities",385155
"2009","R. Arts, Entertainment and Recreation",115866
"2009","S. Other Service Activities",360383
"2009","Subtotal",12432586
"2009","Import Duties",117195
"2009","Value-Added Tax",206405
"2009","Total ( by production approach )",12756186
"2009","GDP",12919445
"2010","A. Agriculture, Forestry, Fishing and Animal Husbandry",226177
"2010","B. Mining and Quarrying",19014
"2010","C. Manufacturing",4021323
"2010","D. Electricity and Gas Supply",182742
"2010","E. Water Supply and Remediation Activities",94531
"2010","F. Construction",365180
"2010","G. Wholesale and Retail Trade",2368397
"2010","H. Transportation and Storage",433454
"2010","I. Accommodation and Food Service Activities",293196
"2010","J. Information and Communication",464694
"2010","K. Financial and Insurance Activities",867976
"2010","L. Real Estate Activities and Ownership of Dwellings",1194384
"2010","M. Professional, Scientific and Technical Activities",305777
"2010","N. Support Service Activities",197145
"2010","O. Public Administration and Defence; Compulsory Social Security",1022934
"2010","P. Education",679634
"2010","Q. Human Health and Social Work Activities",393690
"2010","R. Arts, Entertainment and Recreation",120292
"2010","S. Other Service Activities",372579
"2010","Subtotal",13623119
"2010","Import Duties",152107
"2010","Value-Added Tax",249680
"2010","Total ( by production approach )",14024906
"2010","GDP",14060345
"2011","A. Agriculture, Forestry, Fishing and Animal Husbandry",247587
"2011","B. Mining and Quarrying",17178
"2011","C. Manufacturing",4031893
"2011","D. Electricity and Gas Supply",125688
"2011","E. Water Supply and Remediation Activities",96952
"2011","F. Construction",380550
"2011","G. Wholesale and Retail Trade",2443843
"2011","H. Transportation and Storage",405824
"2011","I. Accommodation and Food Service Activities",329107
"2011","J. Information and Communication",460870
"2011","K. Financial and Insurance Activities",909011
"2011","L. Real Estate Activities and Ownership of Dwellings",1218783
"2011","M. Professional, Scientific and Technical Activities",313101
"2011","N. Support Service Activities",204795
"2011","O. Public Administration and Defence; Compulsory Social Security",1040552
"2011","P. Education",695027
"2011","Q. Human Health and Social Work Activities",411782
"2011","R. Arts, Entertainment and Recreation",123457
"2011","S. Other Service Activities",379294
"2011","Subtotal",13835294
"2011","Import Duties",162753
"2011","Value-Added Tax",264154
"2011","Total ( by production approach )",14262201
"2011","GDP",14262201
"2012","A. Agriculture, Forestry, Fishing and Animal Husbandry",247313
"2012","B. Mining and Quarrying",15405
"2012","C. Manufacturing",4120261
"2012","D. Electricity and Gas Supply",133807
"2012","E. Water Supply and Remediation Activities",99245
"2012","F. Construction",381807
"2012","G. Wholesale and Retail Trade",2450734
"2012","H. Transportation and Storage",423104
"2012","I. Accommodation and Food Service Activities",348523
"2012","J. Information and Communication",461419
"2012","K. Financial and Insurance Activities",931028
"2012","L. Real Estate Activities and Ownership of Dwellings",1249372
"2012","M. Professional, Scientific and Technical Activities",324526
"2012","N. Support Service Activities",217560
"2012","O. Public Administration and Defence; Compulsory Social Security",1060887
"2012","P. Education",726984
"2012","Q. Human Health and Social Work Activities",417868
"2012","R. Arts, Entertainment and Recreation",126926
"2012","S. Other Service Activities",391004
"2012","Subtotal",14127773
"2012","Import Duties",157526
"2012","Value-Added Tax",260709
"2012","Total ( by production approach )",14546008
"2012","GDP",14677765
"2013","A. Agriculture, Forestry, Fishing and Animal Husbandry",264418
"2013","B. Mining and Quarrying",14267
"2013","C. Manufacturing",4445009
"2013","D. Electricity and Gas Supply",199987
"2013","E. Water Supply and Remediation Activities",95333
"2013","F. Construction",393033
"2013","G. Wholesale and Retail Trade",2560534
"2013","H. Transportation and Storage",429057
"2013","I. Accommodation and Food Service Activities",370581
"2013","J. Information and Communication",474026
"2013","K. Financial and Insurance Activities",970475
"2013","L. Real Estate Activities and Ownership of Dwellings",1296970
"2013","M. Professional, Scientific and Technical Activities",336784
"2013","N. Support Service Activities",228892
"2013","O. Public Administration and Defence; Compulsory Social Security",1044892
"2013","P. Education",727679
"2013","Q. Human Health and Social Work Activities",435589
"2013","R. Arts, Entertainment and Recreation",131732
"2013","S. Other Service Activities",398213
"2013","Subtotal",14817471
"2013","Import Duties",164893
"2013","Value-Added Tax",281433
"2013","Total ( by production approach )",15263797
"2013","GDP",15270728
"2014","A. Agriculture, Forestry, Fishing and Animal Husbandry",302781
"2014","B. Mining and Quarrying",14328
"2014","C. Manufacturing",5056638
"2014","D. Electricity and Gas Supply",238785
"2014","E. Water Supply and Remediation Activities",93974
"2014","F. Construction",410455
"2014","G. Wholesale and Retail Trade",2606050
"2014","H. Transportation and Storage",468163
"2014","I. Accommodation and Food Service Activities",387597
"2014","J. Information and Communication",497915
"2014","K. Financial and Insurance Activities",1054084
"2014","L. Real Estate Activities and Ownership of Dwellings",1328010
"2014","M. Professional, Scientific and Technical Activities",357533
"2014","N. Support Service Activities",248786
"2014","O. Public Administration and Defence; Compulsory Social Security",1046496
"2014","P. Education",736315
"2014","Q. Human Health and Social Work Activities",458442
"2014","R. Arts, Entertainment and Recreation",135760
"2014","S. Other Service Activities",420322
"2014","Subtotal",15862434
"2014","Import Duties",181309
"2014","Value-Added Tax",299714
"2014","Total ( by production approach )",16343457
"2014","GDP",16258047
"2015","A. Agriculture, Forestry, Fishing and Animal Husbandry",298855
"2015","B. Mining and Quarrying",13257
"2015","C. Manufacturing",5348932
"2015","D. Electricity and Gas Supply",303461
"2015","E. Water Supply and Remediation Activities",91682
"2015","F. Construction",420326
"2015","G. Wholesale and Retail Trade",2664745
"2015","H. Transportation and Storage",516593
"2015","I. Accommodation and Food Service Activities",416572
"2015","J. Information and Communication",526127
"2015","K. Financial and Insurance Activities",1099345
"2015","L. Real Estate Activities and Ownership of Dwellings",1367956
"2015","M. Professional, Scientific and Technical Activities",369555
"2015","N. Support Service Activities",274372
"2015","O. Public Administration and Defence; Compulsory Social Security",1039481
"2015","P. Education",739550
"2015","Q. Human Health and Social Work Activities",480793
"2015","R. Arts, Entertainment and Recreation",140459
"2015","S. Other Service Activities",426222
"2015","Subtotal",16538283
"2015","Import Duties",193518
"2015","Value-Added Tax",290819
"2015","Total ( by production approach )",17022620
"2015","GDP",17055080
"2016","A. Agriculture, Forestry, Fishing and Animal Husbandry",327502
"2016","B. Mining and Quarrying",10818
"2016","C. Manufacturing",5655706
"2016","D. Electricity and Gas Supply",296428
"2016","E. Water Supply and Remediation Activities",98007
"2016","F. Construction",411154
"2016","G. Wholesale and Retail Trade",2678007
"2016","H. Transportation and Storage",511241
"2016","I. Accommodation and Food Service Activities",435665
"2016","J. Information and Communication",549074
"2016","K. Financial and Insurance Activities",1124827
"2016","L. Real Estate Activities and Ownership of Dwellings",1399263
"2016","M. Professional, Scientific and Technical Activities",382040
"2016","N. Support Service Activities",294059
"2016","O. Public Administration and Defence; Compulsory Social Security",1050448
"2016","P. Education",739355
"2016","Q. Human Health and Social Work Activities",512023
"2016","R. Arts, Entertainment and Recreation",141090
"2016","S. Other Service Activities",430350
"2016","Subtotal",17047057
"2016","Import Duties",199880
"2016","Value-Added Tax",308331
"2016","Total ( by production approach )",17555268
"2016","GDP",17555268
"2017","A. Agriculture, Forestry, Fishing and Animal Husbandry",329722
"2017","B. Mining and Quarrying",10566
"2017","C. Manufacturing",5951694
"2017","D. Electricity and Gas Supply",240588
"2017","E. Water Supply and Remediation Activities",104714
"2017","F. Construction",414447
"2017","G. Wholesale and Retail Trade",2722334
"2017","H. Transportation and Storage",542302
"2017","I. Accommodation and Food Service Activities",451354
"2017","J. Information and Communication",554708
"2017","K. Financial and Insurance Activities",1171756
"2017","L. Real Estate Activities and Ownership of Dwellings",1441187
"2017","M. Professional, Scientific and Technical Activities",404445
"2017","N. Support Service Activities",305518
"2017","O. Public Administration and Defence; Compulsory Social Security",1052982
"2017","P. Education",735528
"2017","Q. Human Health and Social Work Activities",534131
"2017","R. Arts, Entertainment and Recreation",145343
"2017","S. Other Service Activities",430138
"2017","Subtotal",17543457
"2017","Import Duties",191352
"2017","Value-Added Tax",318310
"2017","Total ( by production approach )",18053119
"2017","GDP",18012387
"2018","A. Agriculture, Forestry, Fishing and Animal Husbandry",314315
"2018","B. Mining and Quarrying",11167
"2018","C. Manufacturing",6088713
"2018","D. Electricity and Gas Supply",203382
"2018","E. Water Supply and Remediation Activities",105460
"2018","F. Construction",435407
"2018","G. Wholesale and Retail Trade",2743435
"2018","H. Transportation and Storage",537955
"2018","I. Accommodation and Food Service Activities",474831
"2018","J. Information and Communication",565784
"2018","K. Financial and Insurance Activities",1214817
"2018","L. Real Estate Activities and Ownership of Dwellings",1496447
"2018","M. Professional, Scientific and Technical Activities",423651
"2018","N. Support Service Activities",320124
"2018","O. Public Administration and Defence; Compulsory Social Security",1075913
"2018","P. Education",746707
"2018","Q. Human Health and Social Work Activities",561075
"2018","R. Arts, Entertainment and Recreation",148531
"2018","S. Other Service Activities",438066
"2018","Subtotal",17905780
"2018","Import Duties",203755
"2018","Value-Added Tax",329844
"2018","Total ( by production approach )",18439379
"2018","GDP",18420039
"2019","A. Agriculture, Forestry, Fishing and Animal Husbandry",320356
"2019","B. Mining and Quarrying",11955
"2019","C. Manufacturing",6075769
"2019","D. Electricity and Gas Supply",216973
"2019","E. Water Supply and Remediation Activities",106897
"2019","F. Construction",493046
"2019","G. Wholesale and Retail Trade",2775847
"2019","H. Transportation and Storage",552369
"2019","I. Accommodation and Food Service Activities",515650
"2019","J. Information and Communication",594643
"2019","K. Financial and Insurance Activities",1254076
"2019","L. Real Estate Activities and Ownership of Dwellings",1565410
"2019","M. Professional, Scientific and Technical Activities",446111
"2019","N. Support Service Activities",336802
"2019","O. Public Administration and Defence; Compulsory Social Security",1103656
"2019","P. Education",744775
"2019","Q. Human Health and Social Work Activities",599351
"2019","R. Arts, Entertainment and Recreation",154851
"2019","S. Other Service Activities",435534
"2019","Subtotal",18304071
"2019","Import Duties",209277
"2019","Value-Added Tax",338141
"2019","Total ( by production approach )",18851489
"2019","GDP",18974097
"2020","A. Agriculture, Forestry, Fishing and Animal Husbandry",317009
"2020","B. Mining and Quarrying",12898
"2020","C. Manufacturing",6770729
"2020","D. Electricity and Gas Supply",289201
"2020","E. Water Supply and Remediation Activities",109837
"2020","F. Construction",558448
"2020","G. Wholesale and Retail Trade",2798849
"2020","H. Transportation and Storage",535680
"2020","I. Accommodation and Food Service Activities",469308
"2020","J. Information and Communication",613544
"2020","K. Financial and Insurance Activities",1299768
"2020","L. Real Estate Activities and Ownership of Dwellings",1641764
"2020","M. Professional, Scientific and Technical Activities",458921
"2020","N. Support Service Activities",321903
"2020","O. Public Administration and Defence; Compulsory Social Security",1139635
"2020","P. Education",747908
"2020","Q. Human Health and Social Work Activities",633613
"2020","R. Arts, Entertainment and Recreation",145603
"2020","S. Other Service Activities",421046
"2020","Subtotal",19285664
"2020","Import Duties",209163
"2020","Value-Added Tax",349956
"2020","Total ( by production approach )",19844783
"2020","GDP",20023752
"2021","A. Agriculture, Forestry, Fishing and Animal Husbandry",315742
"2021","B. Mining and Quarrying",11919
"2021","C. Manufacturing",7918542
"2021","D. Electricity and Gas Supply",207392
"2021","E. Water Supply and Remediation Activities",112798
"2021","F. Construction",628475
"2021","G. Wholesale and Retail Trade",3015221
"2021","H. Transportation and Storage",805311
"2021","I. Accommodation and Food Service Activities",423533
"2021","J. Information and Communication",671566
"2021","K. Financial and Insurance Activities",1426522
"2021","L. Real Estate Activities and Ownership of Dwellings",1680575
"2021","M. Professional, Scientific and Technical Activities",498552
"2021","N. Support Service Activities",323443
"2021","O. Public Administration and Defence; Compulsory Social Security",1183875
"2021","P. Education",751904
"2021","Q. Human Health and Social Work Activities",662899
"2021","R. Arts, Entertainment and Recreation",118620
"2021","S. Other Service Activities",389032
"2021","Subtotal",21145921
"2021","Import Duties",224580
"2021","Value-Added Tax",402790
"2021","Total ( by production approach )",21773291
"2021","GDP",21773291
"2022","A. Agriculture, Forestry, Fishing and Animal Husbandry",321363
"2022","B. Mining and Quarrying",11732
"2022","C. Manufacturing",8341140
"2022","D. Electricity and Gas Supply",-167339
"2022","E. Water Supply and Remediation Activities",118794
"2022","F. Construction",700771
"2022","G. Wholesale and Retail Trade",3277046
"2022","H. Transportation and Storage",867823
"2022","I. Accommodation and Food Service Activities",524331
"2022","J. Information and Communication",734518
"2022","K. Financial and Insurance Activities",1404042
"2022","L. Real Estate Activities and Ownership of Dwellings",1735530
"2022","M. Professional, Scientific and Technical Activities",544307
"2022","N. Support Service Activities",359927
"2022","O. Public Administration and Defence; Compulsory Social Security",1234813
"2022","P. Education",774392
"2022","Q. Human Health and Social Work Activities",723722
"2022","R. Arts, Entertainment and Recreation",158456
"2022","S. Other Service Activities",424503
"2022","Subtotal",22089871
"2022","Import Duties",238728
"2022","Value-Added Tax",440355
"2022","Total ( by production approach )",22768954
"2022","GDP",22820430
"2023","A. Agriculture, Forestry, Fishing and Animal Husbandry",351341
"2023","B. Mining and Quarrying",11624
"2023","C. Manufacturing",8057118
"2023","D. Electricity and Gas Supply",20427
"2023","E. Water Supply and Remediation Activities",119430
"2023","F. Construction",758152
"2023","G. Wholesale and Retail Trade",3295691
"2023","H. Transportation and Storage",735208
"2023","I. Accommodation and Food Service Activities",671323
"2023","J. Information and Communication",775733
"2023","K. Financial and Insurance Activities",1440124
"2023","L. Real Estate Activities and Ownership of Dwellings",1819359
"2023","M. Professional, Scientific and Technical Activities",595080
"2023","N. Support Service Activities",400019
"2023","O. Public Administration and Defence; Compulsory Social Security",1265774
"2023","P. Education",787498
"2023","Q. Human Health and Social Work Activities",753742
"2023","R. Arts, Entertainment and Recreation",204768
"2023","S. Other Service Activities",445921
"2023","Subtotal",22508332
"2023","Import Duties",263011
"2023","Value-Added Tax",468885
"2023","Total ( by production approach )",23240228
"2023","GDP",23596734


"Footnote¡G"
"(1)Comprehensive revisions are carried out and result in revisions that extend back from 2023."
"(2)The chained-dollar estimates are not additive."
"(3)Industry includes 5 Kind of Activity from ¡uB. Mining and Quarrying¡v to ¡uF. Construction¡v."
"(4)Services includes 13 Kind of Activity from ¡uG. Wholesale and Retail Trade¡v to ¡uS. Other Service Activities¡v¡Aincluding Import Duties and Value-Added Taxes."
""
